<?xml version="1.0"?>
<TouristSpots>
<TouristLocation>
<Tourist_Spot_Name>Tagpuan High Hills</Tourist_Spot_Name>
<Location>Taytay Town of Santa Cruz Marinduque</Location>
<Description> ... La Presa Hills is located in Baranggay Taytay in town of sta cruz province of marinduque.... You can also go camping here or overnight bring a tent. let's keep the hill clean let's not scatter and throw any garbage everywhere here.... You will be charged for entry, and you will be free to visit or visit.</Description>
<Image>uploads/Taytay Town of Santa Cruz Marinduque/Panuluyan.jpg</Image>
</TouristLocation>
</TouristSpots>
